{"name":"7986403b-4f7a-4ed2-99e5-9174a0d739d6","id":"/providers/Microsoft.Flow/flows/7986403b-4f7a-4ed2-99e5-9174a0d739d6","type":"Microsoft.Flow/flows","properties":{"apiId":"/providers/Microsoft.PowerApps/apis/shared_logicflows","displayName":"YunnyAlfredBot GitHub-AssignToAUser Template","definition":{"metadata":{"workflowEntityId":null,"creator":{"id":"89c5fbde-8bee-440b-ba8b-898364637a6a","type":"User","tenantId":"72f988bf-86f1-41af-91ab-2d7cd011db47"},"provisioningMethod":"FromDefinition","failureAlertSubscription":true,"clientLastModifiedTime":"2020-03-21T04:29:40.0412858Z"},"$schema":"https://schema.management.azure.com/providers/Microsoft.Logic/schemas/2016-06-01/workflowdefinition.json#","contentVersion":"1.0.0.0","parameters":{"$connections":{"defaultValue":{},"type":"Object"},"$authentication":{"defaultValue":{},"type":"SecureObject"}},"triggers":{"When_an_issue_is_assigned_to_me":{"recurrence":{"frequency":"Minute","interval":1},"splitOn":"@triggerOutputs()?['body']","type":"OpenApiConnection","inputs":{"host":{"apiId":"/providers/Microsoft.PowerApps/apis/shared_github","connectionName":"shared_github_1","operationId":"IssueAssigned"},"parameters":{},"authentication":"@parameters('$authentication')"}}},"actions":{"Secrets":{"runAfter":{"SET_varUpdatedAt":["Succeeded"]},"trackedProperties":{"githubAuth":"\"ADD_YOUR_GITHUB_ACCESS_TOKEN\"\""},"type":"Compose","inputs":"Your Github Personal Access Token","description":"Paste your Github Personal Access Token in this Action's Tracked Properties"},"SET_varCommentsURL":{"runAfter":{},"type":"Compose","inputs":"@triggerBody()?['comments_url']"},"HTTP":{"runAfter":{"Secrets":["Succeeded"]},"type":"Http","inputs":{"method":"GET","uri":"@{outputs('SET_varCommentsURL')}","headers":{"Authorization":"Bearer @{actions('SECRETS')?['trackedProperties']?['githubAuth']}"}}},"Switch":{"runAfter":{"HTTP":["Succeeded"]},"cases":{"Case":{"case":200,"actions":{"HTTP_2":{"runAfter":{},"type":"Http","inputs":{"method":"POST","uri":"https://05d4df69.ngrok.io/flow/messages/msteams","body":{"statusCode":"@{outputs('HTTP')['statusCode']}","title":"@{triggerOutputs()?['body/title']}","id":"@{triggerOutputs()?['body/number']}","description":"@{triggerOutputs()?['body/body']}","status":"@{triggerOutputs()?['body/state']}","createdAt":"@{triggerOutputs()?['body/created_at']}","numOfComments":"@{outputs('SET_varNumberOfComments')}","comments":"@{body('HTTP')}","mentioned":["example1@microsoft.com","example2@microsoft.com","example3@microsoft.com"],"updatedAt":"@{outputs('SET_varUpdatedAt')}"}}}}}},"default":{"actions":{"HTTP_3":{"runAfter":{},"type":"Http","inputs":{"method":"POST","uri":"https://05d4df69.ngrok.io/flow/messages/msteams","body":{"statusCode":"@{outputs('HTTP')['statusCode']}","title":"@{triggerOutputs()?['body/title']}","id":"@{triggerOutputs()?['body/number']}","description":"@{triggerOutputs()?['body/body']}","status":"@{triggerOutputs()?['body/state']}","createdAt":"@{triggerOutputs()?['body/created_at']}","numOfComments":"@{outputs('SET_varNumberOfComments')}","comments":"","mentioned":["example1@microsoft.com","example2@microsoft.com"],"updatedAt":"@{outputs('SET_varUpdatedAt')}"}}}}},"expression":"@outputs('HTTP')['statusCode']","type":"Switch"},"SET_varNumberOfComments":{"runAfter":{"SET_varCommentsURL":["Succeeded"]},"type":"Compose","inputs":"@triggerBody()?['comments']"},"SET_varUpdatedAt":{"runAfter":{"SET_varNumberOfComments":["Succeeded"]},"type":"Compose","inputs":"@triggerBody()?['updated_at']"}},"description":"This is a template Flow for Github Assign To User trigger. If this Flow is properly configured, when an issue is assigned to a logged-in user, the flow will be invoked and will talk to YunnyAlfredBot's end point."},"connectionReferences":{"shared_github_1":{"connectionName":"shared-github-68d607f1-6de0-4398-ad80-ec90d1066f19","source":"Embedded","id":"/providers/Microsoft.PowerApps/apis/shared_github","tier":"NotSpecified"}},"flowFailureAlertSubscribed":false}}